
{
  "news": {
    "newsText": "<p style=\"margin-top: 26px; margin-bottom: 0px; padding: 0px; line-height: 24px; color: rgb(51, 51, 51); text-align: justify; font-family: arial; white-space: normal; background-color: rgb(255, 255, 255);\"><span class=\"bjh-p\">资料图：美国总统特朗普。中新社记者 廖攀 摄</span></p><p style=\"margin-top: 22px; margin-bottom: 0px; padding: 0px; line-height: 24px; color: rgb(51, 51, 51); text-align: justify; font-family: arial; white-space: normal; background-color: rgb(255, 255, 255);\"><span class=\"bjh-p\">不过，他<strong>并没有说明凯</strong>利是辞职或被解雇。<em>他8日在白</em>宫南草坪上对记者说：“凯利将离开，我不知道我</span><span style=\"text-decoration: underline;\">是否可以说</span><span class=\"bjh-p\">是退休，但他是个好人，我很感激他的付出。”</span></p><p style=\"margin-top: 22px; margin-bottom: 0px; padding: 0px; line-height: 24px; color: rgb(51, 51, 51); text-align: center; font-family: arial; white-space: normal; background-color: rgb(255, 255, 255);\"><span class=\"bjh-p\">据白宫一位<span style=\"font-family: 黑体, SimHei; font-size: 20px;\">官员透露</span>，特朗普<a></a>目前正与副总统彭斯的幕僚长艾尔斯(Nick Ayers)商讨接任白宫办公厅主任的事。</span></p><p style=\"margin-top: 22px; margin-bottom: 0px; padding: 0px; line-height: 24px; color: rgb(51, 51, 51); text-align: justify; font-family: arial; white-space: normal; background-color: rgb(255, 255, 255);\"><span class=\"bjh-p\">特朗普上台后白宫多次出现重大人事变动，还一度因为各方人马分歧而陷入内斗，直到去年中凯利出任白宫幕僚长后，为当时乱成一片的白宫西翼重新建立秩序，颇受赞誉，但他的铁腕作风也得罪了特朗普一些长期盟友，令他日渐孤立和投闲置散。如今凯利将离去，舆论担心白宫内部将再起波澜。</span></p><p style=\"margin-top: 22px; margin-bottom: 0px; padding: 0px; line-height: 24px; color: rgb(51, 51, 51); text-align: justify; font-family: arial; white-space: normal; background-color: rgb(255, 255, 255);\"><span class=\"bjh-p\">不过，凯利离职的消息并不令人意外。美国有线电视新闻网(CNN)报道，最近几个月来这位前海军陆战队上将和总统的关系恶化。</span></p><p style=\"margin-top: 22px; margin-bottom: 0px; padding: 0px; line-height: 24px; color: rgb(51, 51, 51); text-align: justify; font-family: arial; white-space: normal; background-color: rgb(255, 255, 255);\"><span class=\"bjh-p\">68岁的凯利原任国土安全部长，他对移民的强硬立场赢得特朗普的赞扬，于去年7月被特朗普任命为白宫办公厅主任。</span></p><p style=\"margin-top: 22px; margin-bottom: 0px; padding: 0px; line-height: 24px; color: rgb(51, 51, 51); text-align: justify; font-family: arial; white-space: normal; background-color: rgb(255, 255, 255);\"><span class=\"bjh-p\">此外，特朗普也宣布提名现任陆军参谋长米利(Mark Milley)为美国参谋长联席会议主席，接替即将退休的原任主席邓福德。</span></p><p style=\"margin-top: 22px; margin-bottom: 0px; padding: 0px; line-height: 24px; color: rgb(51, 51, 51); text-align: justify; font-family: arial; white-space: normal; background-color: rgb(255, 255, 255);\"><span class=\"bjh-p\">特朗普8日在推特上宣布此消息时说：“我感谢这两位了不起的人为我们的国家服务！交接日期待定。”</span></p><p style=\"margin-top: 22px; margin-bottom: 0px; padding: 0px; line-height: 24px; color: rgb(51, 51, 51); text-align: justify; font-family: arial; white-space: normal; background-color: rgb(255, 255, 255);\"><span class=\"bjh-p\">按照程序，米利的提名必须获得参议院投票通过。邓福德目前的任期为两年，将于明年10月初结束。</span></p><p style=\"margin-top: 22px; margin-bottom: 0px; padding: 0px; line-height: 24px; color: rgb(51, 51, 51); text-align: justify; font-family: arial; white-space: normal; background-color: rgb(255, 255, 255);\"><span class=\"bjh-p\">现年60岁的米利自2015年8月开始担任陆军参谋长至今，是一名经验丰富的军事领导人。不过，特朗普不顾国防部长马蒂斯的推荐，不升空军参谋长戈德费因，却选择了米利，引起一些争议。</span></p><p style=\"margin-top: 22px; margin-bottom: 0px; padding: 0px; line-height: 24px; color: rgb(51, 51, 51); text-align: justify; font-family: arial; white-space: normal; background-color: rgb(255, 255, 255);\"><span class=\"bjh-p\">按传统，参谋长联席会议主席职位是由不同军种参谋长轮流出任，但空军代表已有超过10年没有出任该职。</span></p><p style=\"margin-top: 22px; margin-bottom: 0px; padding: 0px; line-height: 24px; color: rgb(51, 51, 51); text-align: justify; font-family: arial; white-space: normal; background-color: rgb(255, 255, 255);\"><span class=\"bjh-p\">现任的邓福德升任前是海军陆战队司令，而空军参谋长出任参谋长联席会议主席的时间间隔最长，上一次是在2005年。</span></p><p><br/></p>",
    "languages": 0,
    "releaseDate": "2018-12-10 01:51:03",
    "newsTitle": "白宫办公厅主任凯利本月底离职 舆论忧白宫再起波澜",
    "id": 10063,
    "source": "环球网"
  }
}

